,set_nr,specificity,word1,word2,probe,answer,length,zipf,CNC_M,CNC_SD,imageability,valence,AoA,RT
0,1,high,vpbyzkgrf,kangaroo,,,8,3.62,4.86,0.76,6.793,6.438,5.55,
1,1,mid,hopping,animal,,,6,4.93,4.61,0.8,6.647,6.206,2.89,
2,1,low,ypdcglkc,animal,,,6,4.93,4.61,0.8,6.647,6.206,2.89,
3,2,high,tqvgqrz,snail,,,5,3.69,4.93,0.27,6.815,4.645,5.79,538.342105263158
4,2,mid,slow,animal,,,6,4.93,4.61,0.8,6.647,6.206,2.89,
5,2,low,fxldmr,animal,,,6,4.93,4.61,0.8,6.647,6.206,2.89,
6,3,high,rjdnw,cardinal,,,8,3.67,4.74,0.86,,,8.0,
7,3,mid,red,bird,,,4,4.85,5.0,0.0,6.778,6.281,3.52,504.837837837838
8,3,low,wvcnz,bird,,,4,4.85,5.0,0.0,6.778,6.281,3.52,504.837837837838
9,4,high,ptrgsbkv,kingfisher,,,10,3.25,4.71,0.85,,,12.73,
10,4,mid,fishing,bird,,,4,4.85,5.0,0.0,6.778,6.281,3.52,504.837837837838
11,4,low,rjdnw,bird,,,4,4.85,5.0,0.0,6.778,6.281,3.52,504.837837837838
12,5,high,rvqf,ostrich,,,7,3.52,4.71,0.94,6.486,5.273,6.42,685.27027027027
13,5,mid,big,bird,,,4,4.85,5.0,0.0,6.778,6.281,3.52,504.837837837838
14,5,low,kmlsdjtw,bird,,,4,4.85,5.0,0.0,6.778,6.281,3.52,504.837837837838
15,6,high,htbqzylm,ostrich,,,7,3.52,4.71,0.94,6.486,5.273,6.42,685.27027027027
16,6,mid,large,bird,,,4,4.85,5.0,0.0,6.778,6.281,3.52,504.837837837838
17,6,low,mtpv,bird,,,4,4.85,5.0,0.0,6.778,6.281,3.52,504.837837837838
18,7,high,xkq,owl,Does it have feathers?,yes,3,4.07,4.93,0.26,6.719,5.818,6.21,526.675
19,7,mid,nocturnal,bird,,,4,4.85,5.0,0.0,6.778,6.281,3.52,504.837837837838
20,7,low,zrtqgfplh,bird,,,4,4.85,5.0,0.0,6.778,6.281,3.52,504.837837837838
21,8,high,htbqzylm,penguin,,,7,3.88,5.0,0.0,6.645,6.412,5.68,562.567567567568
22,8,mid,flightless,bird,,,4,4.85,5.0,0.0,6.778,6.281,3.52,504.837837837838
23,8,low,rjdnw,bird,,,4,4.85,5.0,0.0,6.778,6.281,3.52,504.837837837838
24,9,high,ptrgsbkv,robin,,,5,4.42,4.61,1.16,6.647,5.765,6.69,599.105263157895
25,9,mid,small,bird,,,4,4.85,5.0,0.0,6.778,6.281,3.52,504.837837837838
26,9,low,ptrgsbkv,bird,,,4,4.85,5.0,0.0,6.778,6.281,3.52,504.837837837838
27,10,high,mghljkqr,swan,,,4,3.98,4.96,0.19,6.829,6.636,6.32,566.342105263158
28,10,mid,white,bird,,,4,4.85,5.0,0.0,6.778,6.281,3.52,504.837837837838
29,10,low,wvcnz,bird,,,4,4.85,5.0,0.0,6.778,6.281,3.52,504.837837837838
30,11,high,rjdnw,yacht,,,5,3.77,4.97,0.19,6.588,5.941,10.06,562.514285714286
31,11,mid,expensive,boat,,,4,4.89,4.93,0.37,6.823,5.776,3.84,545.184210526316
32,11,low,htbqzylm,boat,,,4,4.89,4.93,0.37,6.823,5.776,3.84,545.184210526316
33,12,high,rvqf,anthology,,,9,2.31,3.07,1.41,,,14.47,
34,12,mid,poetry,book,,,4,5.21,4.9,0.31,6.643,6.788,3.68,521.361111111111
35,12,low,vpbyzkgrf,book,,,4,5.21,4.9,0.31,6.643,6.788,3.68,521.361111111111
36,13,high,mtpv,wellies,,,7,3.5,,,,,,
37,13,mid,rain,boots,,,5,4.36,5.0,0.0,,,4.86,528.384615384615
38,13,low,tqvgqrz,boots,,,5,4.36,5.0,0.0,,,4.86,528.384615384615
39,14,high,wvcnz,bagel,,,5,2.8,5.0,0.0,,,8.9,
40,14,mid,ring-shaped,bread,,,5,4.69,4.92,0.28,6.8,5.742,3.58,538.783783783784
41,14,low,rjdnw,bread,Is it made of fabric?,no,5,4.69,4.92,0.28,6.8,5.742,3.58,538.783783783784
42,15,high,mghljkqr,baguette,Is it flat? ,no,8,3.05,4.64,0.87,,,13.75,
43,15,mid,french,bread,,,5,4.69,4.92,0.28,6.8,5.742,3.58,538.783783783784
44,15,low,fxldmr,bread,,,5,4.69,4.92,0.28,6.8,5.742,3.58,538.783783783784
45,16,high,kmlsdjtw,barn,,,4,4.32,4.79,0.57,6.618,5.486,4.5,547.8
46,16,mid,farm,building,,,8,5.24,4.64,0.91,6.727,5.147,6.16,597.105263157895
47,16,low,bxfjwts,building,,,8,5.24,4.64,0.91,6.727,5.147,6.16,597.105263157895
48,17,high,vpbyzkgrf,church,,,6,5.02,4.9,0.41,6.467,4.485,5.15,502.864864864865
49,17,mid,religious,building,,,8,5.24,4.64,0.91,6.727,5.147,6.16,597.105263157895
50,17,low,htbqzylm,building,,,8,5.24,4.64,0.91,6.727,5.147,6.16,597.105263157895
51,18,high,tqvgqrz,factory,,,7,4.59,4.76,0.79,6.424,4.412,6.89,
52,18,mid,industrial,building,,,8,5.24,4.64,0.91,6.727,5.147,6.16,597.105263157895
53,18,low,zbxlv,building,,,8,5.24,4.64,0.91,6.727,5.147,6.16,597.105263157895
54,19,high,rjdnw,hospital,,,8,5.08,4.64,0.95,6.743,3.829,5.55,
55,19,mid,medical,building,,,8,5.24,4.64,0.91,6.727,5.147,6.16,597.105263157895
56,19,low,mtpv,building,,,8,5.24,4.64,0.91,6.727,5.147,6.16,597.105263157895
57,20,high,rvqf,house,,,5,5.83,5.0,0.0,6.552,6.129,3.16,510.275
58,20,mid,residential,building,Does it have wheels?,no,8,5.24,4.64,0.91,6.727,5.147,6.16,597.105263157895
59,20,low,zbxlv,building,,,8,5.24,4.64,0.91,6.727,5.147,6.16,597.105263157895
60,21,high,zrtqgfplh,cabins,,,6,2.94,,,,,,624.923076923077
61,21,mid,wooden,buildings,,,9,4.59,,,,,,559.756756756757
62,21,low,fxldmr,buildings,,,9,4.59,,,,,,559.756756756757
63,22,high,fxldmr,bmw,,,3,3.52,,,,,,
64,22,mid,expensive,car,,,3,5.44,4.89,0.31,6.882,6.029,3.37,507.564102564103
65,22,low,kmlsdjtw,car,,,3,5.44,4.89,0.31,6.882,6.029,3.37,507.564102564103
66,23,high,ypdcglkc,limousine,Is it typically black?,yes,9,3.11,4.63,0.93,6.257,6.353,8.17,
67,23,mid,long,car,,,3,5.44,4.89,0.31,6.882,6.029,3.37,507.564102564103
68,23,low,mtpv,car,Does it have shells?,no,3,5.44,4.89,0.31,6.882,6.029,3.37,507.564102564103
69,24,high,rjdnw,cheetah,,,7,3.45,4.7,0.87,6.688,6.0,8.16,639.805555555556
70,24,mid,fast,cat,,,3,4.83,4.86,0.52,6.774,5.939,3.68,506.0
71,24,low,zbxlv,cat,,,3,4.83,4.86,0.52,6.774,5.939,3.68,506.0
72,25,high,bxfjwts,panther,,,7,3.28,4.93,0.26,6.265,5.314,6.67,645.189189189189
73,25,mid,large,cat,,,3,4.83,4.86,0.52,6.774,5.939,3.68,506.0
74,25,low,rvqf,cat,,,3,4.83,4.86,0.52,6.774,5.939,3.68,506.0
75,26,high,bxfjwts,sphynx,,,6,1.47,,,,,,
76,26,mid,hairless,cat,,,3,4.83,4.86,0.52,6.774,5.939,3.68,506.0
77,26,low,tqvgqrz,cat,,,3,4.83,4.86,0.52,6.774,5.939,3.68,506.0
78,27,high,zbxlv,tiger,,,5,4.36,5.0,0.0,6.727,5.667,4.0,543.486486486486
79,27,mid,striped,cat,,,3,4.83,4.86,0.52,6.774,5.939,3.68,506.0
80,27,low,rjdnw,cat,,,3,4.83,4.86,0.52,6.774,5.939,3.68,506.0
81,28,high,bxfjwts,stools,,,6,3.02,,,,,,615.763157894737
82,28,mid,small,chairs,,,6,4.16,,,,,,544.820512820513
83,28,low,vpbyzkgrf,chairs,,,6,4.16,,,,,,544.820512820513
84,29,high,fxldmr,brie,,,4,3.05,4.28,1.28,,,12.69,720.758620689655
85,29,mid,French,cheese,,,6,4.81,4.7,0.79,6.586,6.033,4.33,530.054054054054
86,29,low,ptrgsbkv,cheese,,,6,4.81,4.7,0.79,6.586,6.033,4.33,530.054054054054
87,30,high,xkq,cheddar,,,7,3.49,4.46,1.18,,,7.14,625.28947368421
88,30,mid,English,cheese,,,6,4.81,4.7,0.79,6.586,6.033,4.33,530.054054054054
89,30,low,vpbyzkgrf,cheese,Is it made of milk?,yes,6,4.81,4.7,0.79,6.586,6.033,4.33,530.054054054054
90,31,high,rvqf,jacket,,,6,4.29,4.86,0.58,6.829,5.343,3.95,532.325
91,31,mid,warm,clothing,Is it suitable for winter?,yes,8,4.14,4.43,1.1,6.529,6.059,4.22,528.871794871795
92,31,low,mtpv,clothing,,,8,4.14,4.43,1.1,6.529,6.059,4.22,528.871794871795
93,32,high,ptrgsbkv,chefs,,,5,4.34,,,,,,610.35
94,32,mid,professional,cooks,,,5,4.0,,,,,,557.914285714286
95,32,low,rvqf,cooks,,,5,4.0,,,,,,557.914285714286
96,33,high,zrtqgfplh,blanket,,,7,3.93,5.0,0.0,,,3.61,566.025641025641
97,33,mid,warm,cover,Is it thin?,no,5,4.86,4.23,1.1,4.233,5.267,5.42,574.125
98,33,low,qxsw,cover,,,5,4.86,4.23,1.1,4.233,5.267,5.42,574.125
99,34,high,mghljkqr,phones,Is it soft to touch? ,no,6,4.21,,,,,,555.837837837838
100,34,mid,calling,devices,,,7,3.92,,,,,,
101,34,low,vpbyzkgrf,devices,,,7,3.92,,,,,,
102,35,high,rvqf,flu,,,3,3.85,3.65,1.38,,,6.47,538.368421052632
103,35,mid,infectious,disease,,,7,4.49,3.45,1.33,4.794,1.765,7.55,557.105263157895
104,35,low,zrtqgfplh,disease,,,7,4.49,3.45,1.33,4.794,1.765,7.55,557.105263157895
105,36,high,kmlsdjtw,chihuahua,,,9,3.07,4.38,1.24,6.844,5.031,,
106,36,mid,small,dog,,,3,5.17,4.85,0.46,6.889,7.067,2.8,525.175
107,36,low,kmlsdjtw,dog,,,3,5.17,4.85,0.46,6.889,7.067,2.8,525.175
108,37,high,bxfjwts,labrador,,,8,3.23,4.35,1.29,,,,
109,37,mid,guide,dog,Is it disobedient? ,no,3,5.17,4.85,0.46,6.889,7.067,2.8,525.175
110,37,low,zrtqgfplh,dog,,,3,5.17,4.85,0.46,6.889,7.067,2.8,525.175
111,38,high,zbxlv,pekinese,,,8,2.08,,,,,,
112,38,mid,long-haired,dog,,,3,5.17,4.85,0.46,6.889,7.067,2.8,525.175
113,38,low,htbqzylm,dog,,,3,5.17,4.85,0.46,6.889,7.067,2.8,525.175
114,39,high,qxsw,pug,,,3,2.88,4.62,0.9,,,9.17,608.384615384615
115,39,mid,wrinkly,dog,,,3,5.17,4.85,0.46,6.889,7.067,2.8,525.175
116,39,low,fxldmr,dog,,,3,5.17,4.85,0.46,6.889,7.067,2.8,525.175
117,40,high,kmlsdjtw,waiters,,,7,3.15,,,,,,619.25641025641
118,40,mid,restaurant,employees,,,9,4.04,,,,,,
119,40,low,bxfjwts,employees,,,9,4.04,,,,,,
120,41,high,vpbyzkgrf,flounder,,,8,2.72,3.92,1.35,,,8.8,688.222222222222
121,41,mid,flat,fish,,,4,5.19,5.0,0.0,6.724,5.375,4.05,502.736842105263
122,41,low,zbxlv,fish,Does it have fins,yes,4,5.19,5.0,0.0,6.724,5.375,4.05,502.736842105263
123,42,high,mtpv,ray,,,3,4.56,3.57,1.33,,,6.73,628.028571428571
124,42,mid,flat,fish,,,4,5.19,5.0,0.0,6.724,5.375,4.05,502.736842105263
125,42,low,bxfjwts,fish,,,4,5.19,5.0,0.0,6.724,5.375,4.05,502.736842105263
126,43,high,kmlsdjtw,salmon,Does it have a pink hue?,yes,6,4.34,4.81,0.63,6.559,5.353,8.0,601.864864864865
127,43,mid,oily,fish,,,4,5.19,5.0,0.0,6.724,5.375,4.05,502.736842105263
128,43,low,qxsw,fish,,,4,5.19,5.0,0.0,6.724,5.375,4.05,502.736842105263
129,44,high,qxsw,shark,,,5,4.17,4.93,0.37,6.81,3.818,5.47,563.914285714286
130,44,mid,predator,fish,,,4,5.19,5.0,0.0,6.724,5.375,4.05,502.736842105263
131,44,low,mtpv,fish,,,4,5.19,5.0,0.0,6.724,5.375,4.05,502.736842105263
132,45,high,bxfjwts,deck,,,4,4.1,4.77,0.5,5.697,5.229,6.45,574.153846153846
133,45,mid,wooden,floor,,,5,5.04,4.8,0.81,,,4.44,496.8
134,45,low,zrtqgfplh,floor,,,5,5.04,4.8,0.81,,,4.44,496.8
135,46,high,ptrgsbkv,bluebell,,,8,3.01,,,,,9.31,686.833333333333
136,46,mid,blue,flower,,,6,4.5,5.0,0.0,6.788,7.688,3.11,513.425
137,46,low,mghljkqr,flower,,,6,4.5,5.0,0.0,6.788,7.688,3.11,513.425
138,47,high,wvcnz,daffodil,,,8,3.15,4.96,0.19,6.912,7.0,5.63,
139,47,mid,yellow,flower,,,6,4.5,5.0,0.0,6.788,7.688,3.11,513.425
140,47,low,rjdnw,flower,,,6,4.5,5.0,0.0,6.788,7.688,3.11,513.425
141,48,high,zbxlv,rose,,,4,4.64,4.9,0.41,6.824,7.118,6.11,522.027777777778
142,48,mid,thorny,flower,,,6,4.5,5.0,0.0,6.788,7.688,3.11,513.425
143,48,low,kmlsdjtw,flower,Does it have teeth?,no,6,4.5,5.0,0.0,6.788,7.688,3.11,513.425
144,49,high,ypdcglkc,durian,,,6,2.06,,,,,15.5,
145,49,mid,thorny,fruit,,,5,4.73,4.81,0.49,,,3.63,522.657894736842
146,49,low,fxldmr,fruit,,,5,4.73,4.81,0.49,,,3.63,522.657894736842
147,50,high,mghljkqr,banana,,,6,4.21,5.0,0.0,6.788,5.886,3.78,
148,50,mid,yellow,fruit,,,5,4.73,4.81,0.49,,,3.63,522.657894736842
149,50,low,xkq,fruit,,,5,4.73,4.81,0.49,,,3.63,522.657894736842
150,51,high,xkq,grape,,,5,3.54,5.0,0.0,6.714,5.933,3.94,521.871794871795
151,51,mid,purple,fruit,Does it have petals?,no,5,4.73,4.81,0.49,,,3.63,522.657894736842
152,51,low,mghljkqr,fruit,,,5,4.73,4.81,0.49,,,3.63,522.657894736842
153,52,high,fxldmr,kiwi,,,4,3.27,4.86,0.52,6.765,6.029,7.56,674.235294117647
154,52,mid,hairy,fruit,,,5,4.73,4.81,0.49,,,3.63,522.657894736842
155,52,low,ypdcglkc,fruit,,,5,4.73,4.81,0.49,,,3.63,522.657894736842
156,53,high,kmlsdjtw,watermelon,,,10,3.13,4.89,0.42,,,4.22,
157,53,mid,juicy,fruit,,,5,4.73,4.81,0.49,,,3.63,522.657894736842
158,53,low,zbxlv,fruit,,,5,4.73,4.81,0.49,,,3.63,522.657894736842
159,54,high,rjdnw,apple,Does it have stripes?,no,5,4.58,5.0,0.0,6.909,6.147,4.15,491.925
160,54,mid,red,fruit,,,5,4.73,4.81,0.49,,,3.63,522.657894736842
161,54,low,wvcnz,fruit,,,5,4.73,4.81,0.49,,,3.63,522.657894736842
162,55,high,mghljkqr,rugby,,,5,4.63,4.33,1.24,6.1,5.433,11.42,615.615384615385
163,55,mid,tackle,games,,,5,5.12,,,,,,556.157894736842
164,55,low,ptrgsbkv,games,,,5,5.12,,,,,,556.157894736842
165,56,high,zrtqgfplh,emerald,,,7,3.23,4.93,0.26,6.161,6.273,8.26,
166,56,mid,green,gem,,,3,3.95,4.88,0.44,6.364,7.118,7.68,622.540540540541
167,56,low,bxfjwts,gem,Is it shiny?,yes,3,3.95,4.88,0.44,6.364,7.118,7.68,622.540540540541
168,57,high,mtpv,ruby,,,4,4.14,4.77,0.63,6.333,6.4,6.83,601.894736842105
169,57,mid,red,gem,,,3,3.95,4.88,0.44,6.364,7.118,7.68,622.540540540541
170,57,low,qxsw,gem,,,3,3.95,4.88,0.44,6.364,7.118,7.68,622.540540540541
171,58,high,qxsw,sapphire,,,8,3.58,4.76,0.64,6.333,6.788,9.22,
172,58,mid,blue,gem,Is it valuable?,yes,3,3.95,4.88,0.44,6.364,7.118,7.68,622.540540540541
173,58,low,kmlsdjtw,gem,,,3,3.95,4.88,0.44,6.364,7.118,7.68,622.540540540541
174,59,high,bxfjwts,knobs,,,5,3.03,,,,,,632.307692307692
175,59,mid,round,handles,,,7,3.81,,,,,,561.875
176,59,low,mtpv,handles,,,7,3.81,,,,,,561.875
177,60,high,zbxlv,beret,,,5,2.98,4.8,0.65,,,10.33,692.111111111111
178,60,mid,French,hat,Is it worn on the head?,yes,3,4.76,4.88,0.6,6.788,5.455,3.33,585.675675675676
179,60,low,vpbyzkgrf,hat,,,3,4.76,4.88,0.6,6.788,5.455,3.33,585.675675675676
180,61,high,bxfjwts,zebra,,,5,3.69,4.86,0.58,6.813,5.939,4.79,587.552631578947
181,61,mid,striped,horse,,,5,4.99,5.0,0.0,6.828,6.065,4.15,510.55
182,61,low,kmlsdjtw,horse,Does it have scales?,no,5,4.99,5.0,0.0,6.828,6.065,4.15,510.55
183,62,high,fxldmr,school,,,6,5.45,4.79,0.57,6.343,5.229,3.89,508.775
184,62,mid,teaching,institution,,,11,4.05,3.33,1.49,4.515,4.371,10.05,
185,62,low,qxsw,institution,,,11,4.05,3.33,1.49,4.515,4.371,10.05,
186,63,high,htbqzylm,boys,,,4,5.2,,,,,,546.025641025641
187,63,mid,male,kids,,,4,5.19,4.61,0.83,6.469,6.909,3.86,484.769230769231
188,63,low,zbxlv,kids,,,4,5.19,4.61,0.83,6.469,6.909,3.86,484.769230769231
189,64,high,zrtqgfplh,whiskey,,,7,3.5,4.74,0.86,,,9.38,
190,64,mid,smoky,liquor,,,6,3.48,4.73,0.53,6.265,4.909,8.4,575.783783783784
191,64,low,bxfjwts,liquor,,,6,3.48,4.73,0.53,6.265,4.909,8.4,575.783783783784
192,65,high,kmlsdjtw,bat,,,3,4.3,5.0,0.0,6.533,5.313,4.85,580.868421052632
193,65,mid,flying,mammal,Does it lay eggs?,no,6,3.71,4.59,0.68,6.2,5.824,7.39,600.513513513514
194,65,low,kmlsdjtw,mammal,,,6,3.71,4.59,0.68,6.2,5.824,7.39,600.513513513514
195,66,high,zrtqgfplh,hedgehog,Has it got spines?,yes,8,3.72,4.93,0.25,6.821,5.968,8.63,661.277777777778
196,66,mid,spiky,mammal,,,6,3.71,4.59,0.68,6.2,5.824,7.39,600.513513513514
197,66,low,rvqf,mammal,,,6,3.71,4.59,0.68,6.2,5.824,7.39,600.513513513514
198,67,high,vpbyzkgrf,whale,,,5,4.14,4.96,0.2,6.719,5.829,5.47,542.375
199,67,mid,marine,mammal,,,6,3.71,4.59,0.68,6.2,5.824,7.39,600.513513513514
200,67,low,mghljkqr,mammal,Does it grow roots?,no,6,3.71,4.59,0.68,6.2,5.824,7.39,600.513513513514
201,68,high,qxsw,stains,,,6,3.32,,,,,,563.944444444444
202,68,mid,permanent,marks,,,5,4.53,,,,,,548.083333333333
203,68,low,zrtqgfplh,marks,,,5,4.53,,,,,,548.083333333333
204,69,high,rvqf,kebab,,,5,3.51,4.85,0.6,,,10.44,601.567567567568
205,69,mid,skewered,meat,,,4,4.8,4.9,0.3,6.441,4.97,4.42,517.820512820513
206,69,low,ptrgsbkv,meat,,,4,4.8,4.9,0.3,6.441,4.97,4.42,517.820512820513
207,70,high,mtpv,ointment,,,8,2.96,4.5,1.11,,,7.9,631.194444444444
208,70,mid,topical,medicine,,,8,4.31,4.79,0.5,5.765,7.171,4.89,530.846153846154
209,70,low,rvqf,medicine,,,8,4.31,4.79,0.5,5.765,7.171,4.89,530.846153846154
210,71,high,vpbyzkgrf,governors,,,9,3.36,,,,,,
211,71,mid,appointed,politicians,,,11,4.79,,,,,,
212,71,low,xkq,politicians,,,11,4.79,,,,,,
213,72,high,ptrgsbkv,crocodile,,,9,3.95,4.83,0.64,6.849,4.028,5.11,
214,72,mid,large,reptile,,,7,3.36,4.47,1.11,6.457,4.543,6.05,635.921052631579
215,72,low,fxldmr,reptile,,,7,3.36,4.47,1.11,6.457,4.543,6.05,635.921052631579
216,73,high,vpbyzkgrf,tortoise,,,8,3.82,4.87,0.43,6.75,5.781,5.88,609.394736842105
217,73,mid,shelled,reptile,,,7,3.36,4.47,1.11,6.457,4.543,6.05,635.921052631579
218,73,low,bxfjwts,reptile,,,7,3.36,4.47,1.11,6.457,4.543,6.05,635.921052631579
219,74,high,rjdnw,mansions,,,8,2.93,4.46,1.0,,,8.63,629.794871794872
220,74,mid,huge,residences,,,10,2.72,,,,,,
221,74,low,zbxlv,residences,,,10,2.72,,,,,,
222,75,high,tqvgqrz,ketchup,,,7,3.59,5.0,0.0,6.118,5.394,4.3,569.5
223,75,mid,tomato,sauce,,,5,4.79,4.75,0.59,6.2,5.657,5.37,541.384615384615
224,75,low,bxfjwts,sauce,,,5,4.79,4.75,0.59,6.2,5.657,5.37,541.384615384615
225,76,high,rvqf,clogs,Is it typically made of paper?,no,5,3.32,,,,,,606.540540540541
226,76,mid,wooden,shoe,,,4,4.15,4.97,0.18,6.794,5.629,2.6,545.135135135135
227,76,low,bxfjwts,shoe,,,4,4.15,4.97,0.18,6.794,5.629,2.6,545.135135135135
228,77,high,zbxlv,crisps,,,6,3.91,4.04,1.19,,,,535.128205128205
229,77,mid,potato,snacks,,,6,3.49,,,,,,551.48717948718
230,77,low,rjdnw,snacks,,,6,3.49,,,,,,551.48717948718
231,78,high,mtpv,shears,,,6,2.94,4.61,0.84,,,9.46,660.69696969697
232,78,mid,cutting,tool,,,4,4.07,4.6,0.89,6.177,5.059,5.37,536.526315789474
233,78,low,ypdcglkc,tool,,,4,4.07,4.6,0.89,6.177,5.059,5.37,536.526315789474
234,79,high,kmlsdjtw,spade,,,5,3.59,4.46,1.07,6.333,4.75,8.11,543.675675675676
235,79,mid,digging,tool,Is it typically found in the garden?,yes,4,4.07,4.6,0.89,6.177,5.059,5.37,536.526315789474
236,79,low,zrtqgfplh,tool,,,4,4.07,4.6,0.89,6.177,5.059,5.37,536.526315789474
237,80,high,fxldmr,trowel,,,6,3.15,4.16,1.4,,,12.18,674.15625
238,80,mid,gardening,tool,,,4,4.07,4.6,0.89,6.177,5.059,5.37,536.526315789474
239,80,low,fxldmr,tool,,,4,4.07,4.6,0.89,6.177,5.059,5.37,536.526315789474
240,81,high,zbxlv,fir,,,3,3.2,4.58,1.1,,,8.75,589.388888888889
241,81,mid,coniferous,tree,,,4,4.95,5.0,0.0,6.69,6.839,3.57,509.051282051282
242,81,low,zrtqgfplh,tree,,,4,4.95,5.0,0.0,6.69,6.839,3.57,509.051282051282
243,82,high,mtpv,palm,,,4,3.87,4.83,0.46,,,6.0,578.230769230769
244,82,mid,tropical,tree,,,4,4.95,5.0,0.0,6.69,6.839,3.57,509.051282051282
245,82,low,rvqf,tree,,,4,4.95,5.0,0.0,6.69,6.839,3.57,509.051282051282
246,83,high,zbxlv,fork,,,4,3.97,4.9,0.55,6.667,5.212,3.63,530.410256410256
247,83,mid,tined,utensil,,,7,2.51,4.56,0.8,6.147,5.371,7.67,
248,83,low,rjdnw,utensil,,,7,2.51,4.56,0.8,6.147,5.371,7.67,
249,84,high,htbqzylm,aubergine,,,9,3.46,,,,,,
250,84,mid,purple,vegetable,,,9,4.18,4.89,0.32,6.588,5.588,4.17,
251,84,low,tqvgqrz,vegetable,,,9,4.18,4.89,0.32,6.588,5.588,4.17,
252,85,high,bxfjwts,carrot,,,6,4.08,5.0,0.0,6.941,5.486,2.74,536.794871794872
253,85,mid,orange,vegetable,,,9,4.18,4.89,0.32,6.588,5.588,4.17,
254,85,low,vpbyzkgrf,vegetable,,,9,4.18,4.89,0.32,6.588,5.588,4.17,
255,86,high,fxldmr,corn,,,4,3.94,4.96,0.19,6.286,5.4,4.61,549.025
256,86,mid,yellow,vegetable,,,9,4.18,4.89,0.32,6.588,5.588,4.17,
257,86,low,kmlsdjtw,vegetable,,,9,4.18,4.89,0.32,6.588,5.588,4.17,
258,87,high,rjdnw,lettuce,,,7,3.81,4.97,0.19,6.794,5.486,4.28,574.918918918919
259,87,mid,leafy,vegetable,,,9,4.18,4.89,0.32,6.588,5.588,4.17,
260,87,low,mghljkqr,vegetable,,,9,4.18,4.89,0.32,6.588,5.588,4.17,
261,88,high,tqvgqrz,cabbage,Does it grow on a tree?,no,7,4.07,4.75,0.65,,,5.78,564.794871794872
262,88,mid,round,vegetable,,,9,4.18,4.89,0.32,6.588,5.588,4.17,
263,88,low,wvcnz,vegetable,,,9,4.18,4.89,0.32,6.588,5.588,4.17,
264,89,high,vpbyzkgrf,potato,,,6,4.44,4.85,0.77,6.677,5.559,4.84,
265,89,mid,starchy,vegetable,,,9,4.18,4.89,0.32,6.588,5.588,4.17,
266,89,low,mtpv,vegetable,Is it good for your health?,yes,9,4.18,4.89,0.32,6.588,5.588,4.17,
267,90,high,htbqzylm,pumpkin,,,7,3.79,4.9,0.31,6.849,5.606,4.78,575.45
268,90,mid,orange,vegetable,,,9,4.18,4.89,0.32,6.588,5.588,4.17,
269,90,low,rvqf,vegetable,,,9,4.18,4.89,0.32,6.588,5.588,4.17,
270,91,high,wvcnz,ambulance,,,9,4.47,4.81,0.8,6.886,4.722,6.16,
271,91,mid,medical,vehicle,Is it fast?,yes,7,4.52,4.64,0.68,6.233,5.438,6.58,570.026315789474
272,91,low,rjdnw,vehicle,,,7,4.52,4.64,0.68,6.233,5.438,6.58,570.026315789474
273,92,high,ptrgsbkv,chariot,,,7,3.22,4.86,0.74,,,9.11,579.2
274,92,mid,horse-drawn,vehicle,,,7,4.52,4.64,0.68,6.233,5.438,6.58,570.026315789474
275,92,low,mghljkqr,vehicle,,,7,4.52,4.64,0.68,6.233,5.438,6.58,570.026315789474
276,93,high,rjdnw,lorry,,,5,4.07,,,6.829,4.629,13.56,549.054054054054
277,93,mid,transport,vehicle,,,7,4.52,4.64,0.68,6.233,5.438,6.58,570.026315789474
278,93,low,ptrgsbkv,vehicle,,,7,4.52,4.64,0.68,6.233,5.438,6.58,570.026315789474
279,94,high,zrtqgfplh,submarine,,,9,3.77,4.8,0.61,6.588,5.121,7.94,
280,94,mid,underwater,vehicle,,,7,4.52,4.64,0.68,6.233,5.438,6.58,570.026315789474
281,94,low,htbqzylm,vehicle,,,7,4.52,4.64,0.68,6.233,5.438,6.58,570.026315789474
282,95,high,mtpv,tank,,,4,4.34,4.8,0.55,6.471,4.0,7.17,533.578947368421
283,95,mid,armoured,vehicle,,,7,4.52,4.64,0.68,6.233,5.438,6.58,570.026315789474
284,95,low,xkq,vehicle,,,7,4.52,4.64,0.68,6.233,5.438,6.58,570.026315789474
285,96,high,kmlsdjtw,tractor,,,7,3.84,5.0,0.0,6.706,5.324,5.5,596.65
286,96,mid,farm,vehicle,,,7,4.52,4.64,0.68,6.233,5.438,6.58,570.026315789474
287,96,low,htbqzylm,vehicle,,,7,4.52,4.64,0.68,6.233,5.438,6.58,570.026315789474
288,97,high,rjdnw,bottle,,,6,4.65,4.91,0.44,6.536,5.355,3.56,550.421052631579
289,97,mid,water,vessel,,,6,3.93,4.66,0.67,5.529,5.088,9.94,588.194444444444
290,97,low,rvqf,vessel,,,6,3.93,4.66,0.67,5.529,5.088,9.94,588.194444444444
291,98,high,wvcnz,vase,Is it decorative?,yes,4,4.27,5.0,0.0,6.294,5.6,7.89,622.425
292,98,mid,flower,vessel,,,6,3.93,4.66,0.67,5.529,5.088,9.94,588.194444444444
293,98,low,ptrgsbkv,vessel,Does it carry water?,yes,6,3.93,4.66,0.67,5.529,5.088,9.94,588.194444444444
294,99,high,fxldmr,champagne,,,9,4.22,4.82,0.48,,,10.26,610.225
295,99,mid,fizzy,wine,,,4,4.84,4.79,0.5,6.618,6.229,7.9,523.0
296,99,low,rjdnw,wine,,,4,4.84,4.79,0.5,6.618,6.229,7.9,523.0
297,100,high,ypdcglkc,pasta,,,5,4.19,4.86,0.36,6.636,5.97,5.78,551.051282051282
298,100,mid,Italian,food,,,4,5.45,4.8,0.82,6.5,7.606,3.25,499.184210526316
299,100,low,tqvgqrz,food,,,4,5.45,4.8,0.82,6.5,7.606,3.25,499.184210526316
300,101,high,zrtqgfplh,sushi,,,5,3.4,4.96,0.19,,,11.19,
301,101,mid,Japanese,food,,,4,5.45,4.8,0.82,6.5,7.606,3.25,499.184210526316
302,101,low,vpbyzkgrf,food,,,4,5.45,4.8,0.82,6.5,7.606,3.25,499.184210526316
